name,quantity,set_code,finish,collector_number,purchase_price
"Aberrant Return",1,ecc,nonFoil,7,0.49
"Abzan Battle Priest",1,moc,nonFoil,164,0.49
"Abzan Falconer",1,moc,nonFoil,165,0.49
"Acid-Spewer Dragon",1,dtk,nonFoil,86,0.35
"Act of Treason",1,m12,nonFoil,121,0.35
"Adamant Will",1,vow,nonFoil,1,0.35
"Adelbert Steiner",1,fin,nonFoil,3,0.35
"Advance Scout",1,tmp,nonFoil,1,0.35
"Adventurer's Airship",1,fin,nonFoil,252,0.35
"Adventurous Impulse",1,j25,nonFoil,621,0.35
"Aethersnipe",1,lrw,nonFoil,50,0.35
"Agony Warp",1,mm3,nonFoil,150,0.35
"Agoraphobia",1,gtc,nonFoil,30,0.35
"Ainok Guide",1,j25,nonFoil,625,0.35
"Ainok Guide",1,frf,nonFoil,121,0.35
"Ajani's Sunstriker",1,m13,nonFoil,2,0.35
"Akki Blizzard-Herder",1,bok,nonFoil,91,0.35
"Akki Drillmaster",1,sok,nonFoil,92,0.35
"Akroma's Vengeance",1,a25,nonFoil,3,1.29
"Al Bhed Salvagers",3,fin,nonFoil,88,0.35
"Alharu, Solemn Ritualist",1,moc,nonFoil,168,0.35
"Altar's Light",1,mrd,nonFoil,1,0.35
"Amrou Scout",1,tsp,nonFoil,1,0.35
"Anaba Shaman",1,8ed,foil,175★,
"Ancestral Blade",1,cmr,nonFoil,5,0.35
"Ancestral Vengeance",2,frf,nonFoil,61,0.35
"Ancient Crab",1,akh,nonFoil,40,0.35
"Ancient Silverback",1,7ed,nonFoil,230,0.49
"Angel of the Ruins",1,fic,nonFoil,229,0.49
"Angelic Purge",1,inr,nonFoil,9,0.35
"Angelic Wall",1,ody,nonFoil,3,0.35
"Angler Drake",1,akh,nonFoil,41,0.35
"Annex",1,ons,nonFoil,63,0.35
"Apothecary Geist",1,soi,nonFoil,4,0.35
"Appeal to Eirdu",2,ecl,nonFoil,5,0.35
"Arachnus Web",1,m12,nonFoil,163,0.35
"Aradara Express",1,kld,nonFoil,195,0.35
"Arcbound Tracker",1,mh2,nonFoil,112,0.35
"Archfiend of Ifnir",1,ecc,nonFoil,70,0.49
"Arid Archway",1,otj,nonFoil,252,1.29
"Armorcraft Judge",1,moc,nonFoil,291,0.39
"Armored Kincaller",1,j25,nonFoil,630,0.35
"Armored Pegasus",1,tmp,nonFoil,5,0.35
"Artful Takedown",1,grn,nonFoil,151,0.35
"Ashmouth Hound",1,isd,nonFoil,128,0.35
"Asphyxiate",1,bng,nonFoil,60,0.35
"Atarka Efreet",1,dtk,nonFoil,128,0.35
"Audacious Infiltrator",1,aer,nonFoil,7,0.35
"Augmenting Automaton",1,aer,nonFoil,143,0.35
"Auntie Ool, Cursewretch",1,ecc,foil,2,0.99
"Auntie's Sentence",2,ecl,nonFoil,85,0.35
"Awaken the Bear",1,ktk,nonFoil,129,0.35
"Balamb Garden, SeeD Academy // Balamb Garden, Airborne",1,pfin,foil,272s,
"Baloth Woodcrasher",1,j25,nonFoil,633,0.35
"Balthier and Fran",1,fin,nonFoil,213,0.49
"Bannerhide Krushok",1,mh2,nonFoil,149,0.35
"Banon, the Returners' Leader",1,fic,nonFoil,78,0.49
"Barbed Bloodletter",2,ecl,nonFoil,86,0.35
"Barging Sergeant",1,grn,nonFoil,92,0.35
"Barret Wallace",1,fin,nonFoil,129,0.35
"Battlefield Forge",1,fic,nonFoil,375,0.69
"Battlefield Scavenger",1,akh,nonFoil,118,0.35
"Beatrix, Loyal General",1,fin,nonFoil,554,2.49
"Bello, Bard of the Brambles",1,blc,nonFoil,1,6.49
"Bellows Lizard",1,rtr,nonFoil,88,0.35
"Belltower Sphinx",1,m12,nonFoil,46,0.35
"Binding the Old Gods",1,ecc,nonFoil,120,0.35
"Biomass Mutation",1,c19,nonFoil,187,0.49
"Bite Down",1,j25,nonFoil,636,0.35
"Black Waltz No. 3",1,fin,nonFoil,214,0.35
"Blade Instructor",1,grn,nonFoil,1,0.35
"Bladewing the Risen",1,scg,nonFoil,136,3.49
"Blanket of Night",1,vis,nonFoil,52,0.99
"Blazing Bomb",1,fin,nonFoil,130,0.35
"Blazing Sunsteel",1,cmr,nonFoil,364,2.99
"Blessings of Nature",1,avr,nonFoil,168,0.35
"Blightcaster",1,ori,nonFoil,85,0.35
"Blighted Blackthorn",1,ecl,nonFoil,90,0.35
"Blink of an Eye",1,dom,nonFoil,46,0.35
"Blood-Cursed Knight",1,ori,nonFoil,211,0.35
"Bloodscent",1,mrd,nonFoil,114,0.35
"Bloodthrone Vampire",1,m11,nonFoil,85,0.35
"Bogardan Rager",1,tsp,nonFoil,148,0.35
"Boggart Mischief",2,ecl,nonFoil,92,0.35
"Boggart Prankster",1,ecl,nonFoil,93,0.35
"Bogslither's Embrace",2,ecl,nonFoil,94,0.35
"Bond of Flourishing",1,j25,nonFoil,637,0.35
"Boneclub Berserker",1,ecl,nonFoil,126,0.35
"Bootleggers' Stash",1,blc,nonFoil,207,0.99
"Boros Guildgate",1,cmr,nonFoil,478,0.35
"Bounty of the Luxa",1,c19,nonFoil,189,0.49
"Brago's Favor",1,cns,nonFoil,3,0.35
"Brago's Representative",1,cns,nonFoil,14,0.35
"Braids, Cabal Minion",1,ema,nonFoil,82,0.99
"Braidwood Cup",2,uds,nonFoil,126,0.35
"Bramble Armor",1,mid,nonFoil,171,0.35
"Brazen Collector",1,blb,foil,128,0.35
"Brazen Freebooter",1,cmr,nonFoil,164,0.35
"Break of Day",2,dka,nonFoil,3,0.35
"Bred for the Hunt",1,dgm,nonFoil,59,0.35
"Bretagard Stronghold",1,moc,nonFoil,392,0.35
"Brightcap Badger // Fungus Frolic",1,blc,nonFoil,28,0.49
"Bright-Palm, Soul Awakener",1,moc,etched,134,
"Bright-Palm, Soul Awakener",1,moc,nonFoil,1,0.99
"Bristlebane Outrider",2,ecl,nonFoil,169,0.35
"Bristling Backwoods",1,otj,nonFoil,253,0.35
"Burden of Proof",1,mkm,nonFoil,42,0.35
"Burner Rocket",1,dft,nonFoil,114,0.35
"Burning Sands",1,ody,nonFoil,180,3.99
"Burrenton Forge-Tender",1,md1,nonFoil,22,0.35
"Bushi Tenderfoot // Kenzo the Hardhearted",1,chk,nonFoil,2,0.35
"Cabaretti Courtyard",1,eoc,nonFoil,151,0.79
"Call the Mountain Chocobo",2,fin,nonFoil,131,0.35
"Cancel",1,ktk,nonFoil,33,0.35
"Cancel",1,tsp,nonFoil,51,0.35
"Candlelight Vigil",1,grn,nonFoil,3,0.35
"Candlelit Cavalry",1,mid,nonFoil,175,0.35
"Canopy Baloth",2,j25,nonFoil,643,0.35
"Canopy Vista",1,moc,nonFoil,393,0.99
"Capenna Express",1,snc,nonFoil,139,0.35
"Catacomb Slug",1,rtr,nonFoil,58,0.35
"Cathar's Companion",1,soi,nonFoil,9,0.35
"Cathartic Pyre",1,mid,nonFoil,133,0.35
"Cathartic Reunion",1,ecc,nonFoil,91,0.35
"Celes, Rune Knight",1,fic,foil,220,
"Centaur Peacemaker",1,grn,nonFoil,158,0.35
"Chandra, Spark Hunter",1,dft,nonFoil,116,5.99
"Changeling Sentinel",1,mor,nonFoil,6,0.35
"Changeling Wayfinder",1,ecl,nonFoil,1,0.35
"Channeler Initiate",1,ecc,nonFoil,101,0.49
"Chaos Spewer",1,ecl,nonFoil,210,0.35
"Chaplain's Blessing",1,soi,nonFoil,10,0.35
"Chitinous Graspling",1,ecl,foil,211,0.35
"Chitinous Graspling",1,ecl,nonFoil,211,0.35
"Chosen of Markov // Markov's Servant",1,dka,nonFoil,55,0.35
"Cinder Glade",1,moc,nonFoil,395,0.49
"Cinder Glade",1,ecc,nonFoil,146,0.49
"Cinder Strike",2,ecl,nonFoil,131,0.35
"Cleric of the Forward Order",1,ori,nonFoil,10,0.35
"Clifftop Lookout",1,blb,nonFoil,168,0.39
"Clifftop Retreat",1,fic,nonFoil,381,0.79
"Cloud Cover",1,pls,nonFoil,98,2.29
"Cloud, Planet's Champion",1,fin,foil,552,
"Cloudbound Moogle",3,fin,nonFoil,11,0.35
"Coeurl",3,fin,nonFoil,12,0.35
"Coin of Fate",1,fic,nonFoil,15,0.49
"Collar the Culprit",1,grn,nonFoil,5,0.35
"Collective Resistance",1,mh3,nonFoil,147,3.49
"Colossus Hammer",1,fic,nonFoil,338,1.79
"Combat Celebrant",1,blc,nonFoil,194,1.79
"Command the Storm",1,grn,nonFoil,94,0.35
"Command Tower",1,fic,nonFoil,484,0.69
"Command Tower",1,moc,nonFoil,396,0.69
"Command Tower",1,eld,nonFoil,333,0.79
"Compulsive Research",1,rvr,nonFoil,311,0.35
"Conclave Mentor",1,moc,nonFoil,320,1.49
"Condescend",1,5dn,nonFoil,27,0.79
"Constable of the Realm",1,moc,nonFoil,179,0.35
"Consulate Turret",1,aer,nonFoil,147,0.35
"Countermand",1,jou,nonFoil,33,0.35
"Counterspell",1,dmr,nonFoil,45,3.49
"Countless Gears Renegade",1,aer,nonFoil,13,0.35
"Covetous Dragon",1,uds,nonFoil,80,5.99
"Crack Open",1,mh2,nonFoil,154,0.35
"Crackling Doom",1,fic,nonFoil,322,0.49
"Cromat",1,apc,nonFoil,94,4.49
"Crossroads Village",1,fin,nonFoil,276,0.35
"Crossroads Watcher",2,ecl,nonFoil,173,0.35
"Crowd-Control Warden",1,mkm,nonFoil,193,0.35
"Cruel Revival",1,ori,nonFoil,88,0.35
"Cryptic Gateway",1,ons,nonFoil,306,1.79
"Crystal Fragments // Summon: Alexander",1,fin,nonFoil,13,0.35
"Cultivate",1,tmc,nonFoil,50,0.99
"Cultivate",1,moc,nonFoil,295,0.79
"Curious Colossus",1,ecl,nonFoil,298,1.79
"Curious Colossus",1,ecl,nonFoil,12,0.99
"Cyan, Vengeful Samurai",1,fic,nonFoil,16,0.49
"Danitha Capashen, Paragon",1,cmm,nonFoil,20,0.69
"Danitha Capashen, Paragon",1,fca,nonFoil,22,0.59
"Daring Demolition",1,aer,nonFoil,55,0.35
"Darkblade Agent",1,grn,nonFoil,164,0.35
"Darksteel Axe",1,2xm,foil,247,0.35
"Dauntless Cathar",1,inr,nonFoil,19,0.35
"Dawn Charm",1,cmr,nonFoil,371,2.49
"Dawn-Blessed Pennant",1,ecl,nonFoil,254,0.35
"Dawnhand Eulogist",1,ecl,nonFoil,99,0.35
"Dawnhart Mentor",1,mid,nonFoil,179,0.35
"Dead Reveler",1,rtr,nonFoil,62,0.35
"Death Frenzy",1,ktk,nonFoil,172,0.35
"Death Pit Offering",1,nem,nonFoil,56,0.69
"Death-Greeter's Champion",1,moc,nonFoil,30,0.79
"Death's Caress",1,dka,nonFoil,59,0.35
"Decimate",1,blc,nonFoil,251,0.59
"Decommission",1,aer,nonFoil,16,0.35
"Decree of Savagery",1,scg,nonFoil,115,0.59
"Deep Analysis",1,dmr,nonFoil,46,0.35
"Deepwater Hypnotist",1,bng,nonFoil,35,0.35
"Deepwood Denizen",1,j25,nonFoil,648,0.49
"Defiant Salvager",1,aer,nonFoil,56,0.35
"Deluge",1,ody,nonFoil,80,0.69
"Demolition Field",1,m3c,nonFoil,335,0.49
"Demolition Field",1,fic,nonFoil,385,0.49
"Desolate Mire",1,fic,nonFoil,386,0.69
"Destroy the Evidence",1,rtr,nonFoil,64,0.35
"Devilthorn Fox",2,soi,nonFoil,14,0.35
"Devkarin Dissident",1,grn,nonFoil,127,0.35
"Dimir Aqueduct",1,dsc,nonFoil,270,0.49
"Dina, Soul Steeper",1,mul,nonFoil,37,0.35
"Dingus Egg",1,8ed,nonFoil,297,0.59
"Diplomacy of the Wastes",1,frf,nonFoil,67,0.35
"Disembowel",1,rvr,nonFoil,74,0.35
"Disenchant",1,cmr,nonFoil,372,0.39
"Disenchant",1,ice,nonFoil,20,0.35
"Disenchant",1,tmp,nonFoil,16,0.35
"Disorder",1,7ed,nonFoil,179,0.35
"Disperse",1,mor,nonFoil,31,0.35
"Disruptor of Currents",1,ecl,nonFoil,47,0.49
"Dive Down",1,xln,nonFoil,53,0.35
"Divination",1,bng,nonFoil,36,0.35
"Divine Verdict",1,ths,nonFoil,8,0.35
"Domri, Anarch of Bolas",1,blc,nonFoil,98,0.79
"Don't Make a Sound",1,dsk,nonFoil,49,0.35
"Doomed Traveler",1,cn2,nonFoil,83,0.35
"Door of Destinies",1,spg,nonFoil,146,13.99
"Dragon Fodder",1,dtk,nonFoil,135,0.35
"Dragonhawk, Fate's Tempest",1,blb,foil,291,20.99
"Dragon-Scarred Bear",1,dtk,nonFoil,183,0.35
"Dragonskull Summit",1,ecc,nonFoil,147,1.29
"Dragoon's Lance",2,fin,nonFoil,17,0.35
"Dread Tiller",1,ecc,nonFoil,20,0.49
"Dreadwurm",1,znr,nonFoil,100,0.35
"Dreams of Laguna",2,fin,nonFoil,50,0.35
"Dromad Purebred",1,rav,nonFoil,15,0.35
"Dromoka Dunecaster",1,dtk,nonFoil,13,0.35
"Dromoka's Command",1,moc,nonFoil,323,0.59
"Drowsing Tyrannodon",2,j25,nonFoil,651,0.35
"Duskshell Crawler",1,mh2,nonFoil,156,0.49
"Dwarven Castle Guard",4,fin,nonFoil,18,0.35
"Echoing Truth",1,c19,nonFoil,84,0.35
"Eclipsed Boggart",1,ecl,nonFoil,217,0.35
"Eclipsed Elf",1,ecl,nonFoil,336,0.35
"Eclipsed Kithkin",1,ecl,nonFoil,220,0.35
"Eclipsed Merrow",1,ecl,nonFoil,339,0.35
"Eclipsed Realms",2,ecl,nonFoil,263,0.79
"Edgar, Master Machinist",1,fic,nonFoil,80,0.49
"Electrify",1,akh,nonFoil,129,0.35
"Elite Scaleguard",1,moc,nonFoil,181,0.35
"Embereth Shieldbreaker // Battle Display",1,clb,nonFoil,792,0.35
"Emergent Woodwurm",1,moc,nonFoil,37,5.49
"Emissary of the Sleepless",2,soi,nonFoil,17,0.35
"Encroaching Wastes",1,cmr,nonFoil,481,0.39
"Endoskeleton",1,usg,nonFoil,294,0.35
"Enduring Scalelord",1,moc,nonFoil,325,0.35
"Enraged Flamecaster",2,ecl,nonFoil,135,0.35
"Epic Struggle",1,jud,nonFoil,112,7.99
"Eron the Relentless",1,tsb,nonFoil,61,0.35
"Erstwhile Trooper",1,grn,nonFoil,169,0.35
"Essence Scatter",1,akh,nonFoil,52,0.35
"Essence Scatter",1,dmu,nonFoil,49,0.35
"Eventide's Shadow",1,ecc,nonFoil,8,0.49
"Evercoat Ursine",1,blc,nonFoil,30,0.99
"Everlasting Torment",1,ecc,nonFoil,121,0.49
"Evil Reawakened",2,fin,nonFoil,98,0.35
"Evolving Wilds",1,blc,nonFoil,302,0.35
"Evolving Wilds",1,m20,nonFoil,246,0.35
"Evolving Wilds",1,drc,nonFoil,154,0.35
"Evolving Wilds",1,moc,nonFoil,397,0.35
"Exalted Dragon",1,exo,nonFoil,6,0.99
"Exclude",1,a25,nonFoil,55,0.35
"Expedite",1,cmr,nonFoil,413,0.49
"Expedition Skulker",1,znr,nonFoil,101,0.35
"Explore",1,blc,nonFoil,216,0.59
"Explosive Vegetation",1,ons,nonFoil,263,0.99
"Fact or Fiction",1,dmr,nonFoil,48,0.35
"Faerie Snoop",1,mkm,nonFoil,203,0.35
"Failed Conversion",1,mom,nonFoil,103,0.35
"Faith Unbroken",1,cmr,nonFoil,373,0.35
"Faithful Squire // Kaiso, Memory of Loyalty",1,bok,nonFoil,3,0.35
"Falkenrath Exterminator",1,moc,nonFoil,276,0.35
"Falkenrath Torturer",1,inr,nonFoil,109,0.35
"Falkenrath Torturer",1,dka,nonFoil,60,0.35
"Farbog Boneflinger",1,dka,nonFoil,61,0.35
"Fast // Furious",1,mh2,nonFoil,123,0.35
"Fate Foretold",1,ths,nonFoil,48,0.35
"Fate of the Sun-Cryst",2,fin,nonFoil,19,0.35
"Fearless Halberdier",2,grn,nonFoil,100,0.35
"Feisty Spikeling",1,ecl,nonFoil,223,0.35
"Felhide Brawler",1,bng,nonFoil,70,0.35
"Fellwar Stone",1,blc,nonFoil,269,1.99
"Feral Invocation",1,ths,nonFoil,158,0.35
"Ferrafor, Young Yew",1,ecc,nonFoil,16,0.49
"Festering Thicket",1,ecc,nonFoil,61,0.79
"Festive Funeral",1,eld,nonFoil,87,0.35
"Fetid Heath",1,fic,nonFoil,391,1.29
"Field of Ruin",1,moc,nonFoil,400,0.49
"Fire Urchin",1,grn,nonFoil,101,0.35
"Fireshrieker",1,cmr,nonFoil,462,0.69
"Flamekin Gildweaver",2,ecl,nonFoil,140,0.35
"Flamerush Rider",1,moc,nonFoil,279,0.49
"Flameshadow Conjuring",1,moc,nonFoil,280,5.99
"Flaring Cinder",1,ecl,nonFoil,225,0.35
"Flayer of the Hatebound",1,fic,nonFoil,293,0.49
"Fleetfeather Sandals",1,ths,nonFoil,216,0.35
"Fleeting Image",1,8ed,nonFoil,79,0.49
"Flickerwisp",1,cmr,nonFoil,374,0.49
"Fling",1,akh,nonFoil,132,0.35
"Floodtide Serpent",1,bng,nonFoil,41,0.35
"Flourishing Strike",1,mh2,nonFoil,159,0.35
"Flowstone Armor",1,nem,nonFoil,131,0.35
"Flubs, the Fool",1,blc,nonFoil,356,1.79
"Fodder Cannon",1,uds,nonFoil,131,0.39
"Foraging Wickermaw",1,ecl,nonFoil,256,0.35
"Force Away",1,ktk,nonFoil,40,0.35
"Foreboding Fruit",1,eld,nonFoil,88,0.35
"Foresee",1,fut,nonFoil,36,0.35
"Forest",25,blb,nonFoil,378,0.49
"Forest",1,ons,nonFoil,347,0.69
"Forest",1,j25,nonFoil,95,0.35
"Forge Devil",1,m15,nonFoil,140,0.35
"Forging the Tyrite Sword",1,khm,nonFoil,211,0.35
"Forgotten Cave",1,blc,nonFoil,305,0.35
"Forgotten Cave",1,cmr,nonFoil,483,0.35
"Fortified Village",1,moc,nonFoil,401,0.49
"Foul Orchard",1,c19,nonFoil,244,0.35
"Frantic Search",1,dmr,nonFoil,51,0.99
"Fresh-Faced Recruit",1,grn,nonFoil,216,0.35
"Freya Crescent",1,fin,nonFoil,138,0.35
"Freya Crescent",1,fin,nonFoil,460,2.79
"Friendly Ghost",1,dsk,nonFoil,12,0.35
"Frontline Sage",1,con,nonFoil,28,0.35
"Frost Ogre",1,bok,nonFoil,102,0.35
"Funnel-Web Recluse",1,mh2,nonFoil,161,0.35
"Furnace Dragon",1,dst,nonFoil,62,0.49
"Furycalm Snarl",1,moc,nonFoil,404,0.49
"Furycalm Snarl",1,fic,nonFoil,397,0.49
"Gadget Technician",1,mkm,nonFoil,204,0.35
"Galadhrim Bow",1,ltr,nonFoil,167,0.35
"Game Trail",1,moc,nonFoil,405,0.59
"Garnet, Princess of Alexandria",1,fin,nonFoil,222,0.35
"Gau, Feral Youth",1,fic,nonFoil,55,0.49
"Gavony Township",1,moc,nonFoil,406,7.99
"General Leo Cristophe",1,fic,nonFoil,20,0.49
"Generous Gift",1,moc,nonFoil,187,1.79
"Geothermal Bog",1,fic,nonFoil,399,0.35
"Ghastly Conscription",1,c19,nonFoil,115,0.99
"Ghirapur Osprey",1,aer,nonFoil,20,0.35
"Glade Watcher",1,dtk,nonFoil,188,0.35
"Glimmer Bairn",1,mh2,nonFoil,163,0.35
"Glimmerdust Nap",1,lrw,nonFoil,68,0.35
"Glissa Sunslayer",1,ecc,nonFoil,122,0.49
"Glissa's Scorn",1,nph,nonFoil,110,0.35
"Glittermonger",1,snc,nonFoil,149,0.35
"Goatnap",2,ecl,nonFoil,142,0.35
"Goblin Locksmith",1,grn,nonFoil,104,0.35
"Godhunter Octopus",1,jou,nonFoil,39,0.35
"Gogo, Mysterious Mime",1,fic,nonFoil,56,3.99
"Goldvein Pick",1,fdn,foil,253,0.35
"Golgari Guildgate",1,c19,nonFoil,247,0.35
"Golgari Rot Farm",1,ecc,nonFoil,151,0.69
"Good-Fortune Unicorn",1,moc,nonFoil,326,0.35
"G'raha Tia",1,fin,nonFoil,21,0.35
"Granite Witness",1,mkm,nonFoil,206,0.35
"Grasp of Phantoms",1,isd,nonFoil,58,0.35
"Gravelgill Scoundrel",1,ecl,nonFoil,53,0.35
"Gravepurge",1,dtk,nonFoil,104,0.35
"Grazing Gladehart",1,j25,nonFoil,665,0.35
"Grim Guardian",1,jou,nonFoil,73,0.39
"Griptide",1,dka,nonFoil,38,0.35
"Grisly Survivor",1,hou,nonFoil,64,0.35
"Gristle Glutton",2,ecl,nonFoil,144,0.35
"Gristle Glutton",1,ecl,foil,144,0.35
"Gruesome Discovery",1,dka,nonFoil,66,0.35
"Grumgully, the Generous",1,blc,nonFoil,253,0.35
"Gruul Turf",1,ecc,nonFoil,152,0.49
"Guardian Scalelord",1,moc,nonFoil,16,6.99
"Guardian Zendikon",1,cns,nonFoil,71,0.35
"Guardian's Magemark",1,gpt,nonFoil,8,0.35
"Guidelight Matrix",1,dft,nonFoil,233,0.35
"Guul Draz Mucklord",1,znr,nonFoil,104,0.35
"Hada Spy Patrol",1,roe,nonFoil,71,0.35
"Hamza, Guardian of Arashin",1,moc,nonFoil,327,0.59
"Hana Kami",1,chk,nonFoil,211,0.35
"Hardened Berserker",1,dtk,nonFoil,139,0.35
"Harvest Pyre",1,isd,nonFoil,146,0.35
"Haste Magic",1,fin,nonFoil,140,0.35
"Haunted Cloak",1,cmr,foil,313,0.35
"Heaven // Earth",1,moc,nonFoil,328,0.49
"Hecteyes",1,fin,nonFoil,103,0.35
"Heliod's Pilgrim",1,pio,nonFoil,15,
"Heritage Reclamation",1,tdm,nonFoil,145,0.49
"Hero's Blade",1,who,foil,241,0.35
"Hero's Blade",1,cmr,nonFoil,314,0.35
"High Perfect Morcant",1,ecl,nonFoil,229,0.99
"High Sentinels of Arashin",1,moc,nonFoil,189,0.49
"Highland Forest",1,khm,nonFoil,261,0.79
"Highspire Mantis",2,ktk,nonFoil,177,0.35
"Hill Gigas",1,fin,nonFoil,141,0.35
"Hindervines",1,moc,nonFoil,301,0.35
"Hoarder's Greed",1,ecc,nonFoil,47,0.35
"Hollow Warrior",1,pcy,nonFoil,138,0.35
"Hooded Assassin",1,frf,nonFoil,73,0.35
"Horizon Scholar",1,plst,nonFoil,THS-51,0.35
"Hovel Hurler",1,ecl,nonFoil,230,0.35
"Humble the Brute",1,soi,nonFoil,23,0.35
"Ichor Elixir",1,moc,nonFoil,46,0.49
"Ifnir Deadlands",1,ecc,nonFoil,153,0.35
"Ignoble Hierarch",1,ecc,nonFoil,52,1.99
"Il Mheg Pixie",3,fin,nonFoil,57,0.35
"Illusion Spinners",1,ecl,nonFoil,55,0.35
"Immediate Action",1,cns,nonFoil,5,0.35
"Implement of Combustion",1,aer,nonFoil,155,0.35
"Implement of Examination",1,aer,nonFoil,156,0.35
"Impulse",1,dmr,nonFoil,287,0.69
"Inspiring Roar",1,cmr,nonFoil,23,0.35
"Interceptor, Shadow's Hound",1,fic,nonFoil,47,0.49
"Into the North",1,csp,nonFoil,111,1.49
"Into the Roil",1,znr,foil,62,0.35
"Intruding Soulrager",1,dsk,nonFoil,218,0.35
"Invasion of Ergamon // Truga Cliffcharger",1,mom,nonFoil,233,0.35
"Ion Storm",1,moc,nonFoil,286,0.49
"Iona's Judgment",1,cmr,nonFoil,25,0.35
"Ironclad Slayer",1,cmr,nonFoil,376,0.35
"Irontread Crusher",2,klr,nonFoil,247,
"Island",9,fin,nonFoil,298,0.49
"Isolated Chapel",1,fic,nonFoil,405,0.99
"Item Shopkeep",4,fin,nonFoil,142,0.35
"Jeskai Windscout",1,ktk,nonFoil,44,0.35
"Jodah's Avenger",1,tsr,nonFoil,72,0.35
"Judgment Bolt",1,fin,nonFoil,559,0.59
"Judith, Carnage Connoisseur",1,mkm,foil,210,0.79
"Jungle Hollow",1,c19,nonFoil,254,0.35
"Jungle Shrine",1,moc,nonFoil,408,0.59
"Juniper Order Ranger",1,moc,nonFoil,330,0.39
"Kari Zev, Skyship Raider",1,j22,nonFoil,562,0.49
"Keep Out",2,ecl,nonFoil,19,0.35
"Kefka, Dancing Mad",1,fic,nonFoil,84,0.69
"Kefka, Dancing Mad",1,fic,nonFoil,174,2.99
"Kheru Dreadmaw",1,ktk,nonFoil,76,0.35
"Kinbinding",1,ecl,foil,407,
"Kindled Fury",1,dtk,nonFoil,142,0.35
"Kinsbaile Balloonist",1,lrw,nonFoil,23,0.35
"Kithkeeper",1,ecl,nonFoil,23,0.35
"Kitsune Palliator",1,bok,nonFoil,14,0.39
"Kjeldoran Outrider",1,csp,nonFoil,12,0.35
"Knight of Stromgald",1,5ed,nonFoil,171,0.69
"Kolaghan Aspirant",1,dtk,nonFoil,143,0.35
"Kolaghan Stormsinger",1,plst,nonFoil,DTK-145,0.35
"Kor Cartographer",1,cmr,nonFoil,30,0.35
"Krenko, Tin Street Kingpin",1,moc,nonFoil,287,5.99
"Krosan Verge",1,moc,nonFoil,412,0.35
"Kulrath Zealot",1,ecl,nonFoil,148,0.35
"Lakeside Shack",1,dsk,nonFoil,262,0.35
"Lamplighter of Selhoff",1,soi,nonFoil,72,0.35
"Laquatus's Disdain",1,jud,nonFoil,44,0.35
"Last Gasp",1,rav,nonFoil,93,0.35
"Launch Party",1,rtr,nonFoil,69,0.35
"Lavaleaper",1,ecl,nonFoil,150,0.49
"Leadership Vacuum",1,c19,nonFoil,9,0.79
"Ledev Guardian",1,grn,nonFoil,18,0.35
"Legerdemain",1,tmp,nonFoil,72,0.59
"Legions to Ashes",1,fic,nonFoil,326,0.49
"Lens Flare",1,mh2,nonFoil,330,0.35
"Levitation",1,m12,nonFoil,61,0.35
"Leyline of Anticipation",1,m20,nonFoil,64,9.99
"Lightning Elemental",1,9ed,nonFoil,201,0.35
"Lightning Spear",1,mh2,nonFoil,134,0.35
"Lightning, Security Sergeant",1,fin,nonFoil,560,0.79
"Liliana, Death Wielder",2,ecc,nonFoil,78,0.99
"Liminal Hold",1,ecl,foil,24,0.35
"Lingering Tormentor",1,eve,nonFoil,36,0.79
"Lion Sash",1,neo,nonFoil,26,2.99
"Llanowar Dead",1,apc,nonFoil,109,0.35
"Llawan, Cephalid Empress",1,tor,nonFoil,42,1.79
"Locke, Treasure Hunter",1,fic,nonFoil,87,0.49
"Loporrit Scout",1,fin,nonFoil,192,0.35
"Loxodon Restorer",1,grn,nonFoil,20,0.35
"Loxodon Stalwart",1,5dn,nonFoil,11,0.35
"Lulu, Stern Guardian",1,fic,nonFoil,38,1.49
"Lys Alana Informant",1,ecl,nonFoil,181,0.35
"Magitek Infantry",2,fin,nonFoil,25,0.35
"Magitek Scythe",1,fin,nonFoil,562,0.49
"Magus of the Disk",1,tsp,nonFoil,27,0.79
"Mana Cylix",1,pls,nonFoil,132,0.35
"Mana Leak",1,8ed,nonFoil,89,0.39
"Managorger Hydra",1,moc,nonFoil,307,1.79
"Maniacal Rage",1,grn,nonFoil,110,0.35
"Marang River Skeleton",2,dtk,nonFoil,108,0.35
"Maritime Guard",1,ori,nonFoil,63,0.35
"Martial Coup",1,cmr,nonFoil,378,0.49
"Mask of Avacyn",1,cmr,nonFoil,466,1.49
"Mask of Memory",1,fic,foil,350,1.29
"Master Warcraft",1,cmr,nonFoil,447,1.29
"Maximize Velocity",2,grn,nonFoil,111,0.35
"Mayhem Devil",1,eoc,nonFoil,121,0.99
"Me, the Immortal",1,who,foil,430,1.29
"Meanders Guide",1,ecl,nonFoil,25,0.35
"Meddle",1,ons,nonFoil,92,0.35
"Memorial to War",1,cmr,nonFoil,486,0.35
"Memory Lapse",1,7ed,nonFoil,88,1.29
"Memory Theft",2,eld,nonFoil,96,0.35
"Merrow Skyswimmer",2,ecl,nonFoil,234,0.35
"Midnight Banshee",1,ecc,nonFoil,80,0.49
"Midnight Guard",1,dka,nonFoil,14,0.35
"Mikaeus, the Lunarch",1,moc,nonFoil,197,1.29
"Militant Inquisitor",1,soi,nonFoil,26,0.35
"Mindeye Drake",1,gtc,nonFoil,43,0.35
"Mindless Automaton",1,moc,nonFoil,365,0.35
"Minotaur Sureshot",1,akh,nonFoil,143,0.35
"Mirkwood Spider",1,ltr,nonFoil,178,0.39
"Mirror-Style Master",1,moc,nonFoil,32,0.49
"Mischievous Sneakling",1,ecl,foil,235,0.35
"Mischievous Sneakling",1,ecl,nonFoil,235,0.35
"Mistform Shrieker",1,ons,nonFoil,96,0.35
"Mistmeadow Council",1,ecl,nonFoil,183,0.35
"Mobile Garrison",1,aer,nonFoil,165,0.35
"Mobilizer Mech",1,neo,nonFoil,65,0.39
"Mog, Moogle Warrior",1,fic,nonFoil,89,0.49
"Molten Man, Inferno Incarnate",1,spm,nonFoil,84,0.35
"Molting Snakeskin",1,ktk,nonFoil,80,0.35
"Monastery Flock",1,ktk,nonFoil,47,0.35
"Moonblade Shinobi",1,mh1,nonFoil,59,0.35
"Moonlit Lamenter",2,ecl,nonFoil,26,0.35
"Moorland Drifter",1,soi,nonFoil,27,0.35
"Morningtide",1,tor,nonFoil,10,0.79
"Mortify",1,fic,nonFoil,327,0.49
"Mosquito Guard",1,mor,nonFoil,18,0.35
"Mossfire Valley",1,moc,nonFoil,414,0.49
"Mountain",9,cmr,nonFoil,508,0.49
"Mountain",1,mom,nonFoil,280,0.49
"Mountain",23,blb,nonFoil,375,0.49
"Mountain",1,j25,nonFoil,90,0.35
"Mountain",11,fin,nonFoil,305,0.49
"Murder",1,cmr,nonFoil,134,0.35
"Murderous Compulsion",1,inr,foil,126,0.35
"Muzzio's Preparations",1,cns,nonFoil,7,0.35
"Myojin of Night's Reach",1,chk,nonFoil,126,2.29
"Mystic of the Hidden Way",1,ktk,nonFoil,48,0.35
"Nagging Thoughts",1,soi,nonFoil,74,0.35
"Nantuko Cultivator",1,tor,nonFoil,133,0.49
"Nantuko Mentor",1,ody,nonFoil,255,0.49
"Nantuko Shaman",1,tsr,nonFoil,221,0.35
"Naturalize",2,isd,nonFoil,197,0.39
"Necromancer's Familiar",1,mh2,nonFoil,94,0.35
"Nephalia Seakite",1,dka,nonFoil,43,0.35
"Nesting Grounds",1,ecc,nonFoil,155,0.49
"Niblis of the Mist",1,dka,nonFoil,15,0.35
"Night Market Guard",2,aer,nonFoil,166,0.35
"Nightbird's Clutches",1,uma,nonFoil,141,0.35
"Nightmare",2,10e,nonFoil,164,0.49
"Nightshade Assassin",1,tsp,nonFoil,121,0.39
"Nimana Skitter-Sneak",1,znr,nonFoil,116,0.35
"Nimbus Naiad",1,ths,nonFoil,56,0.35
"Noble Templar",1,cns,nonFoil,75,0.35
"Nomad Outpost",1,fic,nonFoil,409,0.79
"Nyxborn Shieldmate",1,bng,nonFoil,21,0.35
"Odric, Lunarch Marshal",1,cmr,nonFoil,379,0.99
"Oft-Nabbed Goat",1,ecc,nonFoil,11,0.49
"On Serra's Wings",1,dom,nonFoil,28,0.59
"Orcish Cannonade",1,tsr,nonFoil,178,0.35
"Oreskos Explorer",1,cmr,nonFoil,381,0.35
"Overkill",2,fin,nonFoil,109,0.49
"Overrun",1,ody,nonFoil,260,0.49
"Overwhelming Stampede",1,c19,nonFoil,175,3.99
"Pacifism",3,ons,nonFoil,47,0.35
"Painful Truths",1,otc,nonFoil,146,0.49
"Painted Bluffs",3,akh,nonFoil,246,0.35
"Palace Jailer",1,fic,nonFoil,247,0.35
"Paladin's Arms",1,fin,nonFoil,28,0.35
"Pallid Mycoderm",2,plc,nonFoil,10,0.35
"Panacea",1,mmq,nonFoil,308,0.35
"Paperfin Rascal",1,lrw,nonFoil,77,0.35
"Parish-Blade Trainee",1,vow,nonFoil,29,0.35
"Patagia Golem",1,7ed,foil,310★,
"Patchwork Gnomes",1,ody,nonFoil,306,0.35
"Path of Ancestry",1,moc,nonFoil,418,0.35
"Path of Ancestry",1,blc,nonFoil,322,0.39
"Path of Ancestry",1,fic,nonFoil,411,0.39
"Path of the Pyromancer",1,moc,nonFoil,34,3.99
"Pathmaker Initiate",1,akh,nonFoil,146,0.35
"Peach Garden Oath",1,8ed,foil,34★,
"Pearlspear Courier",1,ons,nonFoil,48,0.35
"Peel from Reality",1,rav,nonFoil,61,0.35
"Peer Pressure",1,ons,nonFoil,101,2.99
"Pendant of Prosperity",1,c19,nonFoil,56,0.59
"Perfect Intimidation",1,ecl,nonFoil,115,0.35
"Personify",1,ecl,nonFoil,28,0.35
"Phantatog",1,ody,nonFoil,291,0.35
"Phantom Wurm",1,tsp,foil,211,0.35
"Phoenix Down",1,fin,nonFoil,29,0.35
"Phyrexian Hulk",1,8ed,nonFoil,310,0.35
"Pin to the Earth",1,jou,nonFoil,45,0.35
"Pit of Offerings",1,lci,nonFoil,278,0.69
"Pitiless Fists",1,ecl,nonFoil,187,0.35
"Pitiless Gorgon",1,grn,nonFoil,218,0.35
"Plague Beetle",1,8ed,foil,154★,
"Plains",1,fin,nonFoil,296,0.49
"Plains",13,fin,nonFoil,295,0.49
"Plains",1,mom,nonFoil,277,0.49
"Plains",14,cmr,nonFoil,504,0.49
"Plummet",1,m13,nonFoil,179,0.35
"Plummet",1,mid,nonFoil,193,0.35
"Plundering Pirate",1,lci,nonFoil,160,0.35
"Ponyback Brigade",1,ktk,nonFoil,191,0.35
"Power Armor",1,inv,nonFoil,309,0.35
"Predator's Strike",1,j25,nonFoil,699,0.35
"Press for Answers",1,soi,nonFoil,80,0.35
"Prideful Feastling",1,ecl,nonFoil,238,0.35
"Pridemalkin",1,moc,nonFoil,308,0.35
"Priest of Fell Rites",1,fic,nonFoil,328,0.49
"Prismatic Lens",1,tsp,nonFoil,262,0.99
"Prizefighter Construct",1,aer,nonFoil,172,0.35
"Prompto Argentum",1,fin,nonFoil,148,0.35
"Prosperous Bandit",1,blc,nonFoil,25,0.49
"Protective Bubble",1,lrw,nonFoil,80,0.99
"Prowler's Helm",1,ths,nonFoil,219,1.49
"Psychic Spiral",1,rtr,nonFoil,47,0.35
"Puca's Covenant",1,ecc,nonFoil,18,0.49
"Pulse of the Tangle",1,dst,nonFoil,80,0.49
"Puppet Master",2,leg,nonFoil,69,2.29
"PuPu UFO",1,fin,nonFoil,266,0.59
"Push the Limit",1,dft,nonFoil,143,0.35
"Putrefy",2,ecc,nonFoil,131,0.35
"Putrid Imp",1,tor,nonFoil,77,1.79
"Pyreswipe Hawk",1,blc,nonFoil,26,0.49
"Quickchange",1,rav,nonFoil,62,0.35
"Rabanastre, Royal City",4,fin,nonFoil,287,0.35
"Rabanastre, Royal City",1,fin,foil,287,0.35
"Racers' Ring",1,snc,nonFoil,253,0.35
"Rackling",1,nem,nonFoil,136,0.35
"Radiant Epicure",2,mh2,nonFoil,98,0.35
"Ragemonger",1,bng,nonFoil,153,0.35
"Raging Ravine",1,blc,nonFoil,324,0.49
"Raid Bombardment",2,uma,nonFoil,142,0.35
"Rain of Blades",1,scg,nonFoil,20,0.35
"Rain of Embers",1,rav,nonFoil,138,0.35
"Raise the Alarm",1,md1,nonFoil,8,0.39
"Rakdos Carnarium",1,ecc,nonFoil,161,0.69
"Rakish Scoundrel",1,mkm,nonFoil,225,0.35
"Raucous Carnival",1,dsk,nonFoil,266,0.35
"Rayami, First of the Fallen",1,c19,foil,48,
"Reach of Shadows",1,frf,nonFoil,81,0.35
"Reap and Sow",1,dst,nonFoil,81,0.59
"Reap the Seagraf",2,dka,nonFoil,72,0.35
"Reaper of Flight Moonsilver",1,soi,nonFoil,36,0.35
"Redcap Thief",1,woe,nonFoil,147,0.35
"Rejoin the Fight",1,fic,nonFoil,49,0.49
"Relentless Assault",1,mb2,nonFoil,132,3.99
"Relic Seeker",1,cmr,nonFoil,382,0.49
"Reliquary Tower",1,blc,nonFoil,132,5.99
"Relm's Sketching",1,fin,nonFoil,67,0.35
"Reluctant Dounguard",1,ecl,nonFoil,31,0.35
"Response // Resurgence",1,cmr,nonFoil,449,0.59
"Restoration Angel",1,moc,nonFoil,201,0.69
"Retrieve the Esper",2,fin,nonFoil,68,0.35
"Return to Dust",1,cmr,nonFoil,43,0.35
"Return to Nature",1,moc,nonFoil,309,0.49
"Revolutionist",1,mh2,nonFoil,139,0.35
"Reyav, Master Smith",1,cmr,nonFoil,290,0.35
"Ride Down",1,ktk,nonFoil,194,0.35
"Riftburst Hellion",1,mkm,nonFoil,228,0.35
"Righteous Blow",1,grn,nonFoil,23,0.35
"Rikku, Resourceful Guardian",1,fic,nonFoil,41,0.49
"Ring of Thune",1,cmr,nonFoil,468,0.35
"Ring of Valkas",1,cmr,nonFoil,469,0.99
"Riptide Entrancer",1,ons,nonFoil,108,0.79
"Riptide Survivor",1,scg,nonFoil,48,0.35
"Rise of the Dark Realms",1,fic,nonFoil,283,4.99
"Riverguard's Reflexes",2,ecl,nonFoil,33,0.35
"Riveteers Overlook",1,ecc,nonFoil,162,0.35
"Road Rage",1,dft,nonFoil,145,0.35
"Roaring Earth",1,neo,nonFoil,204,0.69
"Roaring Slagwurm",1,dst,nonFoil,83,0.59
"Rocketeer Boostbuggy",1,dft,nonFoil,220,0.35
"Rocky Roads",1,dft,nonFoil,261,0.35
"Rogue's Passage",1,cmr,nonFoil,489,0.79
"Rolling Hamsphere",1,blc,nonFoil,39,0.59
"Rooftop Percher",1,ecl,nonFoil,2,0.35
"Root Elemental",1,scg,nonFoil,127,0.49
"Rootbound Crag",1,ecc,nonFoil,163,0.49
"Rorix Bladewing",1,ema,nonFoil,145,0.49
"Rosa, Resolute White Mage",1,fin,nonFoil,555,3.99
"Rotting Fensnake",1,isd,nonFoil,113,0.35
"Rubblebelt Boar",2,grn,nonFoil,114,0.35
"Rugged Highlands",1,fdn,nonFoil,265,0.35
"Rugged Prairie",1,fic,nonFoil,417,0.69
"Ruin Grinder",1,fic,nonFoil,297,0.49
"Ruinous Ultimatum",1,fic,nonFoil,329,2.49
"Run Over",1,dft,nonFoil,179,0.35
"Run Wild",1,ons,foil,279,0.35
"Rupture Spire",1,cmr,nonFoil,490,
"Sabertooth Outrider",1,dtk,nonFoil,152,0.35
"Sabotender",1,fin,nonFoil,153,0.35
"Sacred Peaks",1,fic,nonFoil,418,0.35
"Sadistic Augermage",1,rav,nonFoil,103,0.35
"Sage's Nouliths",1,fin,nonFoil,70,0.35
"Sagu Mauler",1,c19,nonFoil,200,0.49
"Sahagin",1,fin,nonFoil,71,0.35
"Saltfield Recluse",1,plc,nonFoil,16,0.35
"Samurai Enforcers",1,chk,nonFoil,42,0.35
"Samurai's Katana",2,fin,nonFoil,154,0.35
"Sandcrafter Mage",1,dtk,nonFoil,33,0.35
"Sandsower",1,rav,nonFoil,28,0.35
"Sanguine Savior",1,mkm,nonFoil,230,0.35
"Sanitarium Skeleton",1,cmr,nonFoil,148,0.35
"Satyr Piper",1,ths,nonFoil,175,0.35
"Savage Lands",1,ecc,nonFoil,165,0.79
"Savage Punch",1,ktk,nonFoil,147,0.35
"Savage Surge",1,ths,nonFoil,176,0.35
"Scarblade Scout",1,ecl,foil,118,0.35
"Scaretiller",1,c19,nonFoil,57,0.35
"Scion of the Ur-Dragon",1,tsp,nonFoil,246,10.99
"Scorch the Fields",2,dka,nonFoil,103,0.35
"Scout the Borders",1,ktk,nonFoil,148,0.35
"Screamreach Brawler",1,dtk,nonFoil,155,0.35
"Scythe of the Wretched",1,mrd,nonFoil,239,6.49
"Searchlight Geist",1,avr,nonFoil,119,0.35
"Secluded Steppe",1,cmr,nonFoil,491,0.35
"Secrets of Paradise",1,cns,nonFoil,10,0.35
"Segmented Krotiq",1,dtk,nonFoil,202,0.35
"Seismic Assault",1,7ed,nonFoil,216,0.99
"Semester's End",1,moc,nonFoil,204,1.79
"Sentinel Dispatch",1,cns,nonFoil,11,0.35
"Sentinels of Glen Elendra",1,lrw,nonFoil,84,0.35
"Sephiroth, Planet's Heir",1,fin,foil,553,
"Sephiroth's Intervention",3,fin,nonFoil,116,0.35
"Serra Angel",1,8ed,nonFoil,45,1.29
"Setessan Griffin",1,ths,nonFoil,30,0.35
"Setzer, Wandering Gambler",1,fic,nonFoil,93,0.49
"Severed Legion",1,8ed,foil,163★,
"Sewer Shambler",2,rtr,nonFoil,75,0.35
"Shadow, Mysterious Assassin",1,fic,nonFoil,50,0.49
"Shadows of the Past",1,ori,nonFoil,118,0.39
"Shady Informant",1,mkm,nonFoil,231,0.35
"Shalai and Hallar",1,moc,nonFoil,10,9.99
"Shambling Cie'th",3,fin,nonFoil,117,0.35
"Shantotto, Tactician Magician",1,fin,nonFoil,241,0.35
"Sheltered Thicket",1,ecc,nonFoil,167,0.49
"Shimmering Grotto",1,isd,nonFoil,246,0.35
"Shineshadow Snarl",1,fic,nonFoil,422,0.59
"Shinestriker",2,ecl,nonFoil,68,0.35
"Shinra Reinforcements",3,fin,nonFoil,118,0.35
"Shivan Zombie",1,inv,nonFoil,271,0.35
"Shocker, Unshakable",1,spm,nonFoil,89,0.35
"Shore Lurker",1,ecl,foil,34,0.35
"Siegfried, Famed Swordsman",1,fic,nonFoil,51,0.49
"Sightless Ghoul",1,dka,nonFoil,73,0.35
"Silent Artisan",1,ths,nonFoil,31,0.35
"Silent Specter",1,ons,nonFoil,169,0.59
"Silumgar Assassin",1,c19,nonFoil,128,0.49
"Silverclaw Griffin",1,dka,nonFoil,21,0.35
"Simic Guildgate",1,c19,nonFoil,275,0.35
"Singe-Mind Ogre",1,arb,nonFoil,45,0.35
"Sinister Starfish",1,mh2,nonFoil,99,0.35
"Sizzling Changeling",1,ecl,nonFoil,155,0.35
"Skinrender",1,ecc,nonFoil,86,0.35
"Skinthinner",1,c19,nonFoil,129,0.35
"Skittering Monstrosity",1,tsr,nonFoil,137,0.35
"Skull of Orm",1,8ed,foil,313★,
"Skyclave Pick-Axe",1,znr,nonFoil,309,0.35
"Skyknight Legionnaire",1,grn,nonFoil,198,0.35
"Skyline Predator",1,rtr,nonFoil,50,0.35
"Skyward Spider",1,spm,nonFoil,146,0.35
"Skywhaler's Shot",1,cmr,nonFoil,46,0.35
"Slagwoods Bridge",1,mh2,nonFoil,256,0.59
"Slash of Light",2,fin,nonFoil,32,0.35
"Slayers' Stronghold",1,cmr,nonFoil,494,0.59
"Slurrk, All-Ingesting",1,moc,nonFoil,312,0.35
"Smoldering Marsh",1,fic,nonFoil,425,0.59
"Snapping Gnarlid",2,j25,nonFoil,714,0.35
"Snort",1,fic,nonFoil,58,0.49
"So Shiny",1,mh2,nonFoil,63,0.35
"Sokenzan Smelter",1,neo,foil,164,0.35
"Sol Ring",1,blc,nonFoil,129,2.49
"Soltari Foot Soldier",1,tmp,nonFoil,43,0.35
"Soulbright Seeker",1,ecl,nonFoil,157,0.35
"Sparring Mummy",1,akh,nonFoil,29,0.35
"Specimen Collector",1,mh2,nonFoil,64,0.35
"Spell Snare",2,ecl,foil,71,0.35
"Sphinx's Disciple",1,bng,nonFoil,51,0.35
"Spider-Bot",1,spm,nonFoil,173,0.35
"Spider-Man No More",1,spm,nonFoil,45,0.35
"Spine of Ish Sah",1,blc,nonFoil,285,0.49
"Spiral into Solitude",1,ecl,nonFoil,36,0.35
"Spirit Mantle",1,cmr,nonFoil,385,5.49
"Spiritmonger",1,apc,nonFoil,121,3.99
"Spiteful Shadows",1,dka,nonFoil,75,0.35
"Sporemound",1,j25,nonFoil,719,0.59
"Squawkroaster",1,ecl,nonFoil,160,0.35
"Sram, Senior Edificer",1,cmr,nonFoil,386,4.49
"Stalactite Dagger",1,ecl,nonFoil,261,0.35
"Stalwart Aven",1,ori,nonFoil,32,0.35
"Stasis",1,4ed,nonFoil,104,11.99
"Stay Hidden, Stay Silent",1,dsk,nonFoil,291,0.35
"Sticky Fingers",1,plst,nonFoil,SNC-124,0.79
"Stitched Mangler",1,inr,foil,87,0.35
"Stitcher's Supplier",1,fic,nonFoil,287,0.79
"Stoic Grove-Guide",1,ecl,nonFoil,243,0.35
"Stoic Grove-Guide",1,ecl,foil,243,0.35
"Stone Quarry",1,cmr,nonFoil,495,0.35
"Stormcloud Djinn",1,tsr,nonFoil,90,0.35
"Strago and Relm",1,fic,nonFoil,59,0.49
"Strangling Soot",1,tsp,nonFoil,132,0.35
"Stratosoarer",2,ecl,nonFoil,72,0.35
"Strength of Arms",1,soi,nonFoil,40,0.35
"Sudden Substitution",1,c19,nonFoil,11,3.49
"Suffocating Blast",1,apc,nonFoil,124,0.49
"Sulfurous Springs",1,fic,nonFoil,427,2.29
"Sultai Charm",1,c19,nonFoil,202,0.35
"Sumala Woodshaper",1,grn,nonFoil,200,0.35
"Summit Prowler",1,dtk,nonFoil,160,0.35
"Summit Prowler",1,ktk,nonFoil,121,0.35
"Summit Sentinel",2,ecl,nonFoil,73,0.35
"Summon: Esper Valigarmanda",1,fic,nonFoil,60,0.49
"Summon: Fat Chocobo",1,fin,nonFoil,202,0.35
"Summon: Kujata",1,fic,nonFoil,199,4.49
"Sun Clasp",1,vis,nonFoil,21,0.35
"Sun Titan",1,fic,nonFoil,254,0.99
"Sundering Eruption // Volcanic Fissure",1,mh3,nonFoil,248,1.99
"Sundering Titan",1,dst,nonFoil,146,2.99
"Sungrass Prairie",1,moc,nonFoil,427,0.49
"Sunhome, Fortress of the Legion",1,c21,nonFoil,319,0.35
"Sunken City",1,4ed,nonFoil,106,0.35
"Sunlit Marsh",1,fic,nonFoil,431,0.35
"Sunscorch Regent",1,moc,nonFoil,209,0.49
"Sunscorched Divide",1,fic,nonFoil,433,0.49
"Suplex",1,fin,foil,164,0.35
"Suplex",1,fin,nonFoil,164,0.35
"Sure Strike",1,grn,nonFoil,118,0.35
"Surly Farrier",2,ecl,nonFoil,196,0.35
"Suspension Field",1,ktk,nonFoil,25,0.35
"Swamp",1,fin,nonFoil,302,0.49
"Swamp",12,fin,nonFoil,300,0.59
"Swamp",34,j25,nonFoil,87,0.35
"Swamp",34,m13,nonFoil,241,0.49
"Sweettooth Witch",1,woe,nonFoil,111,0.35
"Swiftblade Vindicator",1,2xm,nonFoil,221,0.49
"Swords to Plowshares",1,moc,nonFoil,211,2.49
"Tail Slash",2,dtk,nonFoil,161,0.35
"Take Heart",1,grn,nonFoil,28,0.35
"Talisman of Conviction",1,fic,nonFoil,363,0.69
"Talon Trooper",1,arb,nonFoil,14,0.35
"Talons of Falkenrath",1,dka,nonFoil,105,0.35
"Tam, Mindful First-Year",1,ecl,nonFoil,245,0.49
"Tanglewalker",1,dst,nonFoil,86,0.35
"Tapping at the Window",1,mid,nonFoil,201,0.35
"Teapot Slinger",1,blb,nonFoil,157,0.35
"Temple of Abandon",1,blc,nonFoil,338,0.59
"Temple of Abandon",1,moc,nonFoil,430,0.49
"Temple of Plenty",1,moc,nonFoil,435,0.49
"Temple of the False God",1,c19,nonFoil,280,0.35
"Temple of the False God",1,fic,nonFoil,438,0.35
"Temple of the False God",1,moc,nonFoil,437,0.35
"Temple of Triumph",1,moc,nonFoil,438,0.49
"Temporal Cleansing",2,ecl,nonFoil,78,0.35
"Tempt with Discovery",1,c19,nonFoil,183,2.99
"Tempting Wurm",1,ons,nonFoil,291,14.99
"Temur Battle Rage",1,cmr,nonFoil,417,0.39
"Tend the Sprigs",1,ecl,nonFoil,197,0.35
"Terminate",1,ecc,nonFoil,134,0.99
"Terminate",1,2x2,nonFoil,284,0.79
"Terra, Herald of Hope",1,fic,foil,223,
"Terramorphic Expanse",1,ecc,nonFoil,169,0.35
"Territorial Scythecat",1,j25,nonFoil,723,0.49
"Terror",2,dmr,nonFoil,312,0.35
"Terrus Wurm",1,rtr,nonFoil,80,0.35
"Tezzeret's Gambit",1,c19,nonFoil,98,0.39
"Thallid Shell-Dweller",1,tsr,nonFoil,237,0.35
"Thaumatog",1,ody,nonFoil,295,0.35
"The Crystal's Chosen",1,fin,nonFoil,14,0.35
"The Falcon, Airship Restored",1,fic,nonFoil,45,0.49
"The Scorpion God",1,ecc,nonFoil,133,0.99
"The Warring Triad",1,fic,nonFoil,99,1.99
"Thelonite Hermit",1,c19,nonFoil,184,0.49
"Thieving Amalgam",1,c19,nonFoil,21,0.79
"Think Tank",1,ody,nonFoil,104,0.35
"Thirst for Identity",1,ecl,nonFoil,79,0.35
"Thornwood Falls",1,c19,nonFoil,283,0.35
"Thought Sponge",1,c19,nonFoil,12,0.49
"Thoughtweft Lieutenant",1,ecl,nonFoil,246,0.35
"Thousand Winds",1,ktk,nonFoil,58,0.49
"Thran Dynamo",1,blc,nonFoil,290,4.99
"Thran Dynamo",1,c19,nonFoil,225,4.49
"Thresher Lizard",2,akh,nonFoil,150,0.35
"Thrill of Possibility",1,fdn,nonFoil,210,0.35
"Thrill of the Hunt",1,tsr,nonFoil,241,0.35
"Throttle",1,ktk,nonFoil,93,0.35
"Thunderous Velocipede",1,dft,nonFoil,183,2.49
"Thunderstaff",1,dst,foil,153,0.35
"Tiana, Ship's Caretaker",1,cmr,nonFoil,454,0.35
"Tidus, Blitzball Star",1,fin,nonFoil,246,0.35
"Timberland Guide",1,mid,nonFoil,202,0.35
"Time Elemental",1,4ed,nonFoil,108,0.59
"Tireless Hauler // Dire-Strain Brawler",1,dbl,nonFoil,203,0.35
"Tizerus Charger",1,mh2,nonFoil,101,0.35
"Together Forever",1,moc,nonFoil,212,0.49
"Tome Raider",1,eld,nonFoil,68,0.35
"Torch Courier",1,grn,nonFoil,119,0.35
"Torch Drake",1,gpt,nonFoil,38,0.35
"Torpid Moloch",1,rav,nonFoil,147,0.35
"Tourach's Canticle",1,mh2,nonFoil,103,0.35
"Tower of Champions",1,mrd,nonFoil,265,0.49
"Tower of Fortunes",1,mrd,nonFoil,267,0.79
"Toxic Abomination",1,dmu,nonFoil,112,0.35
"Tragic Arrogance",1,fic,nonFoil,258,0.49
"Trailtracker Scout",1,blc,nonFoil,35,0.59
"Tranquil Cove",1,ktk,nonFoil,246,0.35
"Tranquil Thicket",1,blc,nonFoil,350,0.35
"Transguild Promenade",1,cmr,nonFoil,499,0.35
"Traveling Philosopher",1,ths,nonFoil,34,0.35
"Tree of Perdition",1,ecc,nonFoil,49,2.99
"Treno, Dark City",6,fin,nonFoil,290,0.35
"Triskelion",1,moc,nonFoil,387,0.49
"Triton Shorethief",1,ths,nonFoil,70,0.35
"Trueheart Twins",1,akh,nonFoil,153,0.35
"Trygon Predator",1,c15,nonFoil,236,0.49
"Turn the Tables",1,dst,nonFoil,18,0.69
"Tweeze",1,ecl,nonFoil,162,0.35
"Tweeze",1,ecl,foil,162,0.35
"Twin Bolt",1,dtk,nonFoil,164,0.35
"Typhoid Rats",1,isd,nonFoil,120,0.35
"Ukud Cobra",1,dtk,nonFoil,123,0.35
"Ultima Weapon",1,fin,nonFoil,563,7.49
"Ultimecia, Temporal Threat",1,fin,nonFoil,556,1.29
"Umaro, Raging Yeti",1,fic,nonFoil,63,0.49
"Uncivil Unrest",1,moc,nonFoil,35,24.99
"Uncovered Clues",2,dgm,nonFoil,19,0.35
"Undercity Dire Rat",4,fin,nonFoil,123,0.35
"Underwater Tunnel // Slimy Aquarium",1,dsk,nonFoil,79,0.35
"Underworld Coinsmith",1,jou,nonFoil,157,0.35
"Unexpected Assistance",1,ecl,nonFoil,80,0.35
"Unforge",1,dst,foil,71,0.35
"Universal Solvent",1,clb,nonFoil,342,0.35
"Unknown Shores",2,thb,nonFoil,249,0.35
"Unnatural Growth",1,blc,nonFoil,245,3.99
"Unquestioned Authority",1,cmr,nonFoil,389,1.79
"Unruly Mob",1,soi,nonFoil,47,0.35
"Untamed Wilds",1,7ed,nonFoil,279,0.35
"Unwavering Initiate",1,akh,nonFoil,36,0.35
"Urban Daggertooth",1,mh2,nonFoil,181,0.35
"Urban Evolution",1,c19,nonFoil,205,0.35
"Urza's Armor",1,8ed,nonFoil,318,0.59
"Urza's Mine",1,8ed,nonFoil,328,1.49
"Urza's Power Plant",1,8ed,nonFoil,329,0.99
"Urza's Tower",1,8ed,nonFoil,330,1.49
"Vaan, Street Thief",1,fin,nonFoil,168,0.49
"Valduk, Keeper of the Flame",1,dmr,nonFoil,147,0.35
"Valor Made Real",1,cns,nonFoil,86,0.35
"Valorous Stance",1,cmr,nonFoil,390,0.35
"Vampire Interloper",1,isd,nonFoil,123,0.35
"Vandalize",1,dtk,nonFoil,165,0.35
"Vaporkin",1,ths,nonFoil,72,0.35
"Vayne's Treachery",1,fin,nonFoil,124,0.35
"Vector, Imperial Capital",1,fin,nonFoil,291,0.35
"Veloheart Bike",1,dft,nonFoil,184,0.35
"Verduran Enchantress",1,8ed,nonFoil,285,2.99
"Vermin Gorger",2,mh2,nonFoil,107,0.35
"Vernal Fen",1,ecc,nonFoil,63,1.79
"Village Bell-Ringer",1,isd,nonFoil,41,0.35
"Violent Impact",1,akh,nonFoil,154,0.35
"Visara the Dreadful",1,ema,nonFoil,114,3.49
"Vizier of Remedies",1,akh,nonFoil,38,0.49
"Voice of Many",1,c19,nonFoil,36,0.35
"Voice of the Provinces",1,avr,nonFoil,40,0.35
"Volcanic Geyser",1,m13,nonFoil,154,0.35
"Voyaging Satyr",1,ths,nonFoil,182,0.35
"Vraska the Unseen",1,c19,nonFoil,207,0.99
"Vraska, Betrayal's Sting",1,ecc,nonFoil,88,1.79
"Vulshok Morningstar",1,ddi,nonFoil,66,0.35
"Wanderbrine Preacher",2,ecl,nonFoil,41,0.35
"Wanderbrine Trapper",1,ecl,nonFoil,42,0.35
"Wandertale Mentor",1,blb,nonFoil,240,0.35
"Wanderwine Distracter",1,ecl,foil,82,0.35
"Wanderwine Farewell",2,ecl,nonFoil,83,0.35
"War Flare",2,frf,nonFoil,158,0.35
"Ward of Piety",1,bok,nonFoil,28,0.35
"Warren Torchmaster",1,ecl,foil,163,0.35
"Warrior's Sword",2,fin,nonFoil,169,0.35
"Warstorm Surge",1,blc,nonFoil,117,1.49
"War-Wing Siren",2,jou,nonFoil,57,0.35
"Wax // Wane",1,inv,nonFoil,296,0.39
"Weapons Vendor",1,fin,nonFoil,40,0.35
"Welder Automaton",3,aer,nonFoil,183,0.35
"Well of Life",1,pcy,nonFoil,141,0.39
"Wetland Sambar",1,ktk,nonFoil,62,0.35
"Whirling Dervish",1,4ed,nonFoil,288,0.35
"Whirlwind Adept",2,ktk,nonFoil,63,0.35
"White Auracite",3,fin,nonFoil,41,0.35
"White Mage's Staff",3,fin,nonFoil,42,0.35
"White Sun's Zenith",1,cmr,nonFoil,391,0.69
"Whoosh!",1,spm,nonFoil,48,0.35
"Wickersmith's Tools",1,ecc,nonFoil,21,0.49
"Wild Roads",1,dft,nonFoil,269,0.35
"Wild Unraveling",2,ecl,nonFoil,84,0.35
"Wildfire Wickerfolk",1,dsk,nonFoil,239,0.35
"Wildsear, Scouring Maw",1,blc,foil,8,
"Wildvine Pummeler",2,ecl,nonFoil,203,0.35
"Wily Goblin",1,xln,nonFoil,174,0.39
"Winds of Rath",1,cmr,nonFoil,392,0.69
"Wind-Scarred Crag",1,cmr,nonFoil,502,0.35
"Wingsteed Rider",1,ths,nonFoil,36,0.35
"Winnowing",1,ecl,nonFoil,43,0.49
"Wistfulness",1,ecl,nonFoil,252,11.99
"Wojek Bodyguard",1,grn,nonFoil,120,0.35
"Wooded Ridgeline",2,blc,nonFoil,353,0.35
"Woodland Stream",1,c19,nonFoil,286,0.35
"Word of Seizing",1,cmr,nonFoil,420,0.49
"World-Weary",1,mh2,nonFoil,109,0.35
"Wormfang Turtle",1,jud,nonFoil,60,0.35
"Wyleth, Soul of Steel",1,cmr,foil,362,
"Xande, Dark Mage",1,fin,nonFoil,561,0.69
"Yoked Ox",1,ths,nonFoil,37,0.35
"Zoetic Cavern",1,mkc,nonFoil,311,0.35
"Zur's Weirding",1,8ed,nonFoil,116,1.49